Built,n,prop
3.3.2,6,0.01282051282051282
3.4.0,165,0.3525641025641026
3.4.1,38,0.0811965811965812
3.4.2,107,0.22863247863247863
3.4.3,152,0.3247863247863248
